"X","ddRAD4","ddRAD5","ddRAD6","ddRAD7","ddRAD9","Pop1","MH1","MH2"
"GCATG","AHW3","TED6","BRAD5","CGRW10","CGYM8","MF-F1","Mike1","Mike49"
"AACCA","KITE2","LEX13","KH4","PB17-10","SITE5-9","ROS-F1","Mike2","Mike50"
"CGATC","KITE3","IJAMS2","SITE18-1","BRAD2","SITE23-6","ROS-F2","Mike3","Mike51"
"TCGAT","BRP8","RC16","BRM/BRF11","ALA1","SHC7","MF-F2","Mike4","Mike52"
"TGCAT","RC11","LVA1","BRAD4","CREMATOGASTER","EXIT65","ALA_G_Q43_G1","Mike5","Mike53"
"CAACC","RC14","RC6","CGRW4","DUKE4","GSMNP2","HOB-G1","Mike6","Mike54"
"GGTTG","LPR2","FBRAGG1","APHRUD16","LEXSHC4","SEB6","ALA_G_Q45_G2","Mike7","Mike55"
"AAGGA","POP2","FBRAGG2","SITE10-7","APHPIC30","SITE5-8","HOB-G2","Mike8","Mike56"
"AGCTA","PB07-23","LEX9","APHPAT1","APHFLE1","Mike103","H_H_Q12_H1","Mike9","Mike57"
"ACACA","KH1","CGNSP0","APHMAR1","LFGSMNP","Mike104","Hill_H_Q13_H1","Mike10","Mike58"
"AATTA","AHW1","KH8","SITE7-7","SITE5-7","Mike105","SS_H_Q18_H1","Mike11","Mike59"
"ACGGT","SHC1","LEX5","APHFLO6","SITE7-3","Mike106","H_H_Q24_H2","Mike12","Mike60"
"ACTGG","DUKE6","CJ9","CGRW7","DUKE3","SITE20-1","Hill_H_Q225_H2","Mike13","Mike61"
"ACTTC","AHW4","MIC1","DUKE5","CGRW1","BRP5","SS_H_Q12_H2","Mike14","Mike62"
"ATACG","AHW5","CGNNSP8","COLUM","BEAR4","CGYM6","Son_1_J1","Mike15","Mike63"
"ATGAG","LVA4","LVA3","NOTCH3","CGNSP3","SITE8-8","FB_J_Q1_J1","Mike16","Mike64"
"ATTAC","RC13","BRP3","CGRW13","SAL13-14","SITE10-3","Occ-1","Mike17","Mike65"
"CATAT","LVA13","LVA2","CGNSP2","SWSR45-1","SEB5","Son_5_J2","Mike18","Mike66"
"CGAAT","CJ3","YATES3","APHRUD45","TED3","MM5","FB_J_Q45_J2","Mike19","Mike67"
"CGGCT","POP3","SHC6","SITE20-5","APHPIC32","SITE23-10","SL_J_Q85_J2","Mike20","Mike68"
"CGGTA","FORMICA","SHC9","SITE19-9","GSMNP","Mike107","Sal5_w1","Mike21","Mike69"
"CGTAC","LPR1","SHF3","APHTEX5","SITE19-8","Mike108","WWR10_6_1","Mike22","Mike70"
"CGTCG","FBRAGG5","SHC8","NOVCOC1","SITE20-9","Mike109","LW-1","Mike23","Mike71"
"CTGAT","LEX11","KITE1","SITE18-4","APHMEG1","Mike110","LK-1","Mike24","Mike72"
"CTGCG","SHC2","CGYM10","CGRW8","CJ2","SITE18-6","LAR-1","Mike25","Mike73"
"CTGTC","DUKE7","CGNSP15","FBRAGG4","YATES2","SEB3","BRG-w1","Mike26","Mike74"
"CTTGG","HF17","FIELD-OF","ALA4","BRAD3","824?","Cal-1","Mike27","Mike75"
"GACAC","BRP4","GSMNP3","APB6","KITE8","FMU6","Des-1","Mike28","Mike76"
"GAGAT","RC9","RC15","BEAR10","TED4","BRP10","SL_J_Q74_J1","Mike29","Mike77"
"GAGTC","UNF7","SHC5","BEAR1","MA","SEB10","B10-4","Mike30","Mike78"
"GCCGT","AHW7","PB17-14","APHRUD6","KITE4","KBH2","Pr-Q1","Mike31","Mike79"
"GCTGA","APB4","CJ4","APHLAM1","SPHRUD14","SITE5-2","WS","Mike32","Mike80"
"GGATA","DUKE2","AHF2","SITE8-3","SITE8-4","Mike111","PHX_F13","Mike33","Mike81"
"GGCCA","CHYM13","KH2","SITE19-4","SITE7-8","Mike112","EPW","Mike34","Mike82"
"GGCTC","KH3","CJ7","APHMIA5","SITE7-6","Mike113","MSC-2","Mike35","Mike83"
"GTAGT","YATES1","CGNSP10","SITE8-5","SITE19-5","Mike114","Site14-1","Mike36","Mike84"
"GTCCG","SHC10","KH5","CGRW9","ALA2","CGNSP12","Kirk40-2","Mike37","Mike85"
"GTCGA","SHC3","KH6","CJ8","ALA3","SITE10-8","Orla-1","Mike38","Mike86"
"TACCG","HW10","FIELD-HK","ALA5","BEAR8","SITE23-10","H1-w1","Mike39","Mike87"
"TACGT","LVA10","LVA5","CGRW12","CGNSP1","CGYM11","H2-w1","Mike40","Mike88"
"TAGTA","BRP1","RC2","BEAR7","CGNSP4","GSMNP7","J1-w1","Mike41","Mike89"
"TATAC","DUKE8","KITE5","CGRW6","LEX1","SEB2","J2-w3","Mike42","Mike90"
"TCACG","POP1","CAMPNSP","APHTEN5","DUKE9","KBH3","Mike97","Mike43","Mike91"
"TCAGT","SUKE1","AHF1","CC","APHRUD48","CGRW11","Mike98","Mike44","Mike92"
"TCCGG","FBRAGG3","BK6-1","APHODD5","APHFUL13","Mike115","Mike99","Mike45","Mike93"
"TCTGC","CJ6","KH7","SITE20-10","APHASH12","Mike116","Mike100","Mike46","Mike94"
"TGGAA","AHW2","MIC2","STFMNF","APHTEX7","Mike117","Mike101","Mike47","Mike66-2"
"TTACC","CJ1","CGNSP14","SITE10-6","APHJAP1","Mike118","Mike102","Mike48","Mike96"
